0.001316696,0.000843934,3.125369787,25.28706561,19.96867531,3.414821069,0.000421902,7.70E-06
0.000525796,0.000107923,0.86889283,4.571277034,3.278366832,0.86682459,0.000149502,2.42E-05
0.000324587,0,3.537499551,13.71936175,4.318014712,2.161033499,0.000104917,0.000301368
0.000553193,0.000194523,1.788597074,5.685608311,4.8143053,0.754248712,0.00058781,0.00020742
0.000261122,0.000105822,2.515951337,4.147370987,5.338436777,0.932192837,0.000450605,0.000543146
0.000261122,0.000105822,2.515951337,4.147370987,5.338436777,0.932192837,0.000450605,0.000543146
1.70E-05,0,0.069912398,4.283077088,5.392488108,2.745414921,0.000183574,0.000149056
0.000685098,0.000913492,2.223398075,9.587918817,5.606467386,1.007395838,0.000245616,0
0.000575533,0,0.802870065,4.889036931,5.619132063,1.317091251,0,0
0.000575533,0,0.802870065,4.889036931,5.619132063,1.317091251,0,0
0.000998366,0.000804217,1.318370107,9.420708265,6.245541844,2.541985685,3.16E-05,0.000255929
0.000479788,1.79E-05,0.231814243,5.872050434,6.831825712,1.606856242,0.000166938,0.000926682
0,1.08E-06,4.481815561,27.03523717,7.001639841,2.886523098,0.000257035,0
0.000409498,0.000247364,0.170047305,12.84134196,8.055439565,1.072925662,0.000749788,0.001038484
0.000656358,0.000441986,0.46207911,7.276726548,8.437696499,2.117253157,0.001187975,0.000689998
0.00026135,0.000578673,23.18231055,33.05948196,8.476263987,1.869800268,3.28E-05,0.000115836
0.00026135,0.000578673,23.18231055,33.05948196,8.476263987,1.869800268,3.28E-05,0.000115836
0.000211708,0.000535387,1.069525477,12.68297639,8.94979826,2.068458092,0.000207787,0.000768431
0.000425025,0.000671958,2.903056559,28.93886308,8.969197913,0.776383625,1.91E-05,0
0.000279194,0.000242409,4.922873237,18.04959764,9.262813243,13.12950568,0.001788946,0.000414284
0,0,0.285652144,5.164392496,9.282928968,1.954124517,0.000385866,0.000323712
1.26E-05,1.07E-05,1.66865243,11.59350564,9.499521092,0.572501092,0,0
1.26E-05,1.07E-05,1.66865243,11.59350564,9.499521092,0.572501092,0,0
0.000619023,0.001445875,1.528143838,13.15336557,9.61178564,1.295826857,6.01E-05,0
8.17E-05,0.000110473,0.248746221,5.019247743,9.738079821,3.290259733,0,0
8.17E-05,0.000110473,0.248746221,5.019247743,9.738079821,3.290259733,0,0
0.000725198,0.000710628,1.596591349,31.86869258,9.992646192,1.667772785,0.000434696,0.000747047
4.81E-05,0,0.547301681,3.674373278,10.0223146,0.861036359,0.000203661,0.000333724
0.000463521,0.001088076,1.890958196,14.80430031,10.52288921,2.153301395,4.44E-05,7.05E-05
7.41E-05,5.87E-05,1.987789307,31.09410691,10.53371501,5.689969007,0.000321337,0.000414389
0.000392692,0.000550514,2.135216391,10.05976157,10.85825856,5.479367888,0.001173328,0.000671877
0.000128488,0.000450297,0.201029064,8.414850766,11.4589446,2.790415206,1.50E-05,5.07E-05
1.32E-06,2.966801589,23.65892909,10.03853263,11.51851154,10.41127063,1.039041257,0.001034495
0.000391616,7.96E-05,1.435721919,7.917611666,11.80312098,1.192802835,0.00025493,0.000407601
0.000278012,0.000356278,2.73092605,21.00755324,11.82355876,4.04856654,0.000376859,5.57E-05
0.000700937,0.000201852,3.37382228,9.968304735,12.15873401,0.802338558,0.000292506,0
0.000271833,0.000500131,5.373391823,13.0444164,12.20492754,1.322697535,0,6.52E-05
0.000271833,0.000500131,5.373391823,13.0444164,12.20492754,1.322697535,0,6.52E-05
0.000816485,0.000679873,0.830895471,12.36388356,12.63466097,2.134132808,0.000813614,0.000828604
0,0,0.914050817,16.11976684,12.68537183,1.720649162,0.000792448,0
0,0,0.914050817,16.11976684,12.68537183,1.720649162,0.000792448,0
9.57E-06,5.80E-05,38.45348496,79.91730327,12.97091347,12.94824128,0.000856831,0.000193465
0.000683636,0.00019642,1.060216727,11.78204619,13.04620298,2.184236694,0.000245188,4.21E-05
0.000382655,0.000220481,11.04898037,36.19257717,13.08919556,3.118625942,0.000481755,4.90E-05
0.001558275,0.00135252,13.61551661,31.13159303,13.24427421,7.42964314,0.000566783,0.000934615
2.64E-05,6.59E-06,5.008423536,20.0900288,13.32668028,3.012032746,0.000460447,0.000443098
0.000290091,0.000547305,0.88085733,14.2108743,13.33041548,2.980647773,0.000175002,0.000103044
0.000513346,8.77E-05,1.487210647,17.83541657,13.34540037,3.651394298,0.000512788,0.000435844
0.000868268,0.000716255,3.413269787,22.4140551,13.5000821,1.512253468,0.000875074,0.000805218
0.000868268,0.000716255,3.413269787,22.4140551,13.5000821,1.512253468,0.000875074,0.000805218
0,0.000686177,4.614633763,16.59807848,13.86965994,3.218816913,0.001540661,0.000884
0.0006524,0.000580524,9.803358897,26.32106149,13.94568308,2.139866178,0.000327686,0.000540216
0.0006524,0.000580524,9.803358897,26.32106149,13.94568308,2.139866178,0.000327686,0.000540216
0.000285599,0.000771163,2.670681791,9.696191676,13.97557035,4.32904714,0.000217253,0.000139447
0.000153197,0.000147405,0.447863221,7.776915193,14.03007512,1.878697432,0,1.08E-07
0.000398971,0.000545119,1.559614905,14.69861029,14.30316764,1.898560188,0.000153466,0.000423729
0.000872936,0.000905693,0.733795848,13.80712904,14.59261171,2.770921551,0.00018549,1.66E-05
0.00370317,0.001234618,2.499251649,28.88989095,14.67128765,6.033147794,0.000337201,0.000370406
0.00370317,0.001234618,2.499251649,28.88989095,14.67128765,6.033147794,0.000337201,0.000370406
0.000298989,0.000366945,8.598031901,46.41972343,15.01987175,5.721869,0.000179228,0.000329394
4.00E-05,9.33E-05,4.870864747,17.89193389,15.13709606,14.10313018,0.000755135,0
0.000654583,0.001054469,1.573306614,19.06370889,15.28155783,3.31820698,2.84E-06,0.000655157
0.000518889,0.000363107,2.096891555,19.68054217,15.34468824,3.380244011,8.12E-05,0.000737512
0.001286208,0.001331411,2.994423863,23.02637881,15.46848696,1.404393035,0.001358904,0.001538631
0.000133168,0.000686606,4.010083835,11.31757487,15.52499222,5.102854196,0.000115093,0.00077787
0.000133168,0.000686606,4.010083835,11.31757487,15.52499222,5.102854196,0.000115093,0.00077787
6.06E-07,0,0.590945901,10.48303233,15.91044426,1.293574459,0.000291319,0.001130897
0,0,2.471660003,24.30901213,16.07892225,1.131302599,0,2.63E-05
0,0,2.471660003,24.30901213,16.07892225,1.131302599,0,2.63E-05
0.000120241,0.000361978,1.440394706,29.97249881,16.14067024,0.531014285,0.000701283,0.000829565
0.000812263,0.001097076,1.012170654,16.63989496,16.16433279,1.82357651,0.001403224,0.001866402
0.000240343,0.000802009,1.742481464,15.99773887,16.29878195,3.596187244,0.000631663,0.000790558
0.000459762,2.68E-05,0.716529415,12.30982043,16.32945379,2.803575459,0.001330031,0.001731167
0,0,1.495851664,21.27566841,16.32979318,1.33160781,0,0
0,0,1.495851664,21.27566841,16.32979318,1.33160781,0,0
0.000195333,0.000238133,5.192817154,20.61333137,16.34237899,2.373957854,5.20E-06,0
0.000260973,0.000114841,5.699940156,28.50617097,16.40968785,1.197100822,3.43E-05,0.000150967
0.000591165,0.000466558,3.672633841,14.08691577,16.53487077,3.81086953,0.000283019,0.00016406
4.27E-05,0.002536447,8.886184236,34.44741039,16.92542957,10.65771763,0.106401006,5.91E-05
4.27E-05,0.002536447,8.886184236,34.44741039,16.92542957,10.65771763,0.106401006,5.91E-05
0.000464946,9.35E-05,0.532528211,7.340602131,17.33442648,3.178161516,1.85E-05,0.000222438
0,0,0,1.062741744,17.39141615,73.6935117,16.58795842,4.210827902
0.000124139,0.000339351,1.444167525,15.55930656,17.43865948,20.7355314,1.93E-05,0.000291181
0.000580735,0.00034053,1.629480841,18.80765356,17.77247591,6.222357027,8.64E-05,0
0.000394206,0,0.793454547,10.71558722,17.88521293,2.284510971,0,0
0,0.000128613,1.889477439,24.84535436,18.13718636,3.316805563,0,0
0,0.000128613,1.889477439,24.84535436,18.13718636,3.316805563,0,0
0.001465036,0.001489985,0.174195615,5.712874993,18.1690189,2.480292632,0.000236497,0.000514786
0.000636879,0.000654112,3.716092663,27.43303552,18.31411968,3.764100064,2.01E-05,7.62E-05
0.001078819,0.00056273,0.786441849,16.72665695,18.38090649,1.009851123,5.43E-05,0.000710057
0.00073849,0.000609063,3.22433778,24.67799632,18.66985322,2.081276025,0,0
0.001655493,0.169519467,10.60721173,39.55280314,18.80577662,12.0984009,0.907426891,0.000176057
0.000680408,0.000855554,1.003827341,18.14662423,18.8130418,0.63870288,0.000437861,0.000165178
0,0,2.516290645,23.65268449,19.05865694,1.967490896,0,1.35E-05
0,0,2.516290645,23.65268449,19.05865694,1.967490896,0,1.35E-05
0.000119411,4.78E-06,19.63248225,65.41956562,19.14242194,5.524453704,0.000387037,0.000252201
0,0,0,1.361389321,19.27291257,70.90020637,16.65935747,3.028216813
0.00022811,0.000263549,1.698699137,16.46108264,19.34617544,0.601549758,3.27E-05,9.33E-05
0.001037438,0.001052788,1.113158966,12.37380689,19.52969775,4.072105618,8.50E-07,7.51E-05
0.000129203,6.82E-05,31.15677437,51.47475248,19.540422,2.973914092,0.000214883,0.000345098
0.000371304,0.000282105,6.135855448,23.35116618,19.71878086,6.697983349,0.075723267,0.000110675
1.80E-05,1.08E-05,2.230149575,13.8598309,19.74094935,6.484095723,0.000508852,2.69E-07
0,0.005229941,6.330575304,20.76815804,19.88406045,13.46078678,0.101203034,5.29E-06
0.000788507,0.000821189,0.694624705,13.29393254,20.03795806,3.3831374,0.000254118,0.000222216
0.000394871,0.001152637,2.544179581,19.69043849,20.10006889,5.085268865,0.000155373,0.000715361
1.86E-06,1.642652452,18.07086909,39.56461034,20.23445281,26.85597634,3.294130072,0.000690577
1.92E-05,0.000151052,9.488428289,29.11050462,20.41843804,3.279626184,0.001355454,0.000993566
4.36E-05,0.000646543,2.5474943,19.56670939,20.5947847,2.721025344,0.000471359,9.97E-05
0.000547441,0.000532835,1.180239563,17.18347646,20.66084433,7.344796602,0.003320023,0.000484873
3.48E-06,4.95E-05,7.501073538,18.80440261,20.71282882,4.656901029,1.38E-05,0.000109252
0.000965582,0.0007901,0.40987279,18.70678273,20.85207609,2.384469101,0.000239736,0.000523925
0.000215362,0.000148835,10.30286799,68.12129182,20.93642904,4.933670474,0.000219244,0.000329712
0.000215362,0.000148835,10.30286799,68.12129182,20.93642904,4.933670474,0.000219244,0.000329712
0.000714969,8.04E-06,9.755109869,25.74811009,21.27777122,3.909319972,0.000210691,2.32E-05
0.000459919,0.000363211,9.550869332,36.58994893,21.31391763,3.962218487,0.00471496,0.000141977
0.001008681,0.001013523,0.411890181,14.14723124,21.96134625,2.843943813,0.000985757,0.000336209
0.000232079,0.000211089,5.689140507,28.27626411,22.03756009,3.190813916,0.00035198,0.000497069
0.000132586,0.000163455,0.668457636,14.31634011,22.40665989,2.535911087,4.63E-05,0.000125657
0.001259841,0.000891085,2.94073956,12.73516417,22.59848058,14.20706209,3.42E-05,2.28E-05
0.001259841,0.000891085,2.94073956,12.73516417,22.59848058,14.20706209,3.42E-05,2.28E-05
0.00053998,0,1.036926248,19.30921277,22.6563401,3.252234955,0.000510302,0.000598755
0.000148606,0.00032805,1.209387705,15.58140885,22.81353737,6.734432908,0.000486357,0.000694666
0.000273472,0.000257763,0.666209433,20.56424169,23.04344307,5.351540607,3.73E-05,0.000152659
0.000740323,0.000746934,1.564507608,20.20938329,23.18342275,3.158433019,0.000685105,0.000577466
0.000323952,0.000152145,1.26039415,18.84010343,23.28895646,5.365919221,0.000343776,0.000826046
0.000876107,0.00067409,3.530671376,27.59541839,23.3913483,2.136103732,0.000499155,0.001737142
0.000876107,0.00067409,3.530671376,27.59541839,23.3913483,2.136103732,0.000499155,0.001737142
0.000817739,0.000863536,0.824489018,16.07706918,23.44676759,1.20731738,0.000133972,0.000289552
1.59E-05,5.11E-06,3.378245944,22.53000003,23.75818096,4.237916056,0.000659207,0.000747457
6.88E-05,3.47E-06,1.264792482,24.61530138,24.10631002,7.034063422,0.00162146,9.00E-05
2.90E-05,0.000246756,22.97972232,32.9234375,24.12521872,6.904499262,0.000648911,0.001143644
0.000184238,0.00033924,1.501372513,21.42675528,24.47906027,8.654529322,4.24E-05,0.000168829
0.000782024,0.000276237,23.55108364,61.37580036,24.77702535,5.313271889,6.90E-05,7.84E-06
3.79E-07,0,0.2827357,7.043221404,24.87538278,3.56729442,0.00258693,0.002039788
4.56E-05,0.000776739,8.437003735,26.57388654,25.00305676,11.95327092,0.12695852,0.000572633
5.32E-05,0.127870475,9.275485664,56.51184664,25.46312431,14.50276601,3.811009098,0.000125684
0,0,4.489083887,24.7836779,25.53118342,1.68527344,0,0
0,0,4.489083887,24.7836779,25.53118342,1.68527344,0,0
0.000147862,0.00049013,0.635060467,27.43114125,25.54439979,4.041386596,0.000488439,0.000349923
0.001028586,0.00028342,6.226767673,31.07431204,25.56689638,9.675487491,0.031118382,6.35E-05
0.000613744,1.077763795,19.68202288,53.49063432,25.59310277,17.82391538,5.714631882,0.000308861
0,0,5.547873359,23.31420406,25.63116803,6.658786404,0.000704353,0
8.08E-05,0.000190762,3.561571286,35.77955733,25.96418678,4.763588667,0.000356201,0.000156792
0.000802002,0.001047563,4.691552396,22.25204153,26.14449311,7.666325363,0.000127794,4.80E-05
5.04E-05,0.000129726,3.65442986,21.7256219,26.19803728,2.814239804,0.000154711,7.99E-05
0.001140684,0.000405306,4.045283275,41.69740987,26.20773084,4.097086024,0.000247091,0.000448031
0.001140684,0.000405306,4.045283275,41.69740987,26.20773084,4.097086024,0.000247091,0.000448031
8.04E-05,0.000749714,1.432493546,23.96300142,26.22089583,1.882679539,0.000110698,2.42E-05
0.000777284,0.000735838,1.744857648,30.18144264,27.01655653,3.905097147,0.000458661,4.76E-05
0.000884089,0.000325226,2.330012162,16.27635728,27.33183449,2.7699624,0.000363021,0.000187318
0.000612527,0.000583914,1.495811682,24.38125321,27.40721169,5.688401555,0.000510598,0.000787742
0,3.33E-05,6.907426021,62.9944162,27.52963447,1.274238696,0.000330715,0.000780434
0.001680187,0.000302434,11.24375984,54.70005773,27.90884698,1.997037668,9.07E-05,0.000649536
0.000464093,3.75E-05,2.968559221,25.80773318,28.12492704,3.404538695,0.00048502,0.000435794
0.000513898,0.000565227,1.149172776,25.0581372,28.12611667,4.780607918,0.000624525,0.001378039
0.000297344,6.48E-05,1.939008859,71.80625448,28.22387671,2.154367519,0.000727662,0.000567715
4.78E-05,6.88E-06,2.089165578,70.93141533,28.46109002,0.562221021,0.000177399,0.000374392
0.000233485,0,23.97892052,71.01048679,28.66451135,5.605221944,0,8.30E-05
0.000436855,1.124916626,26.07101126,47.90170243,28.70561652,14.96298544,1.621995688,0.000277405
0.000125221,1.142487799,28.22460593,51.23291194,28.73471682,13.75545859,1.196398959,8.39E-05
0.000886674,0.00029172,1.8806361,37.19676668,29.02437029,5.053134423,3.88E-05,1.44E-05
5.07E-05,0.000134933,0.86902524,24.7213389,29.05722787,4.677866941,0.000198758,0.000293672
7.45E-05,0.000200451,1.762112323,28.92780181,29.15397159,3.61591856,0.000123949,0.000155219
0.000284068,0.000129943,1.433543367,13.28069057,29.24478021,3.177338968,0.000132238,6.07E-05
0.00059412,0.000993686,0.845656053,18.12711656,29.27474421,29.05956643,0.000573158,0
6.17E-05,0.00011583,17.53106199,24.19162859,29.39091821,3.801662956,0.000278702,5.73E-07
0.00017631,0.000157644,8.504595279,32.77224319,29.44880064,4.782442455,5.19E-05,0
0.000474157,0.000586196,2.772906427,24.58184944,29.45733938,18.75470331,0.000298129,0.000331124
1.88E-05,0.00046239,5.568319475,13.72302738,29.54839329,6.744325347,0.000383521,0.000299825
0,0.000199124,30.44135382,51.70992889,29.77398256,3.750177635,0.00063031,0.003310196
0.000379886,0.000820991,12.10587145,89.54605291,30.01282312,8.555030122,0.00032688,0.000320617
0,0.000241854,12.76257488,66.08827418,30.07454166,3.113786794,0.000446673,0.000285539
0.002225918,1.56E-05,7.589403379,66.3038499,30.37987831,29.69382521,0.108553552,0.000138618
0.000819214,0.00080932,1.103826558,18.61567091,30.4494091,36.9814714,0.000233618,0.000663173
0.000349216,0.000473101,3.692133301,18.49390989,30.45441295,3.350398858,0.000643483,9.52E-05
0.000489811,0.000422928,2.170366252,23.799056,30.54633567,2.517144354,0.000309949,0.000468386
0,0.000482602,3.950356896,30.31877365,30.62587016,3.851450544,0.000415127,0.000199123
0.000151765,0.000382601,3.907375306,17.95278372,30.83959301,5.035210555,9.50E-05,9.92E-05
0.000222177,7.85E-05,13.97951535,83.33901825,30.89861301,8.277599209,0.000178283,0
0.000364644,0.3372714,9.483215381,22.0745294,31.08949619,13.95870175,2.316288755,0.000432929
0.000778889,0.000672515,2.764914762,17.89733553,31.17482235,5.864370921,0.000397673,0.000337158
0.000515994,0.00051225,0.980076067,19.73618647,31.46935785,3.646652433,0,0.000773573
2.71E-05,0.000167411,2.409772966,29.29476337,31.54952352,3.622398574,1.90E-05,4.66E-05
0,4.08E-05,34.14861906,100.3065681,31.59703346,4.01635787,0.000862882,0.001094231
0,1.79E-05,10.47388028,40.97571097,31.74158439,17.05574056,0.164164294,0.000467352
0.000458577,0.000188134,3.390861623,35.71563908,31.82405928,8.508591599,1.60E-05,0.002526534
0.000388791,0.000521027,1.520491284,23.06489579,31.84863169,3.027582137,1.48E-05,5.61E-05
0.000625319,0.000576744,5.075493558,21.73435116,31.87159087,5.940162028,0.001085551,6.34E-05
0.000705374,0.00043682,4.915679274,76.51496667,32.43395846,4.061263108,5.59E-05,0.000344766
0.000276407,0.00041165,6.048761483,21.11028344,32.46857354,14.47296969,2.98E-05,0.000544417
0.000276407,0.00041165,6.048761483,21.11028344,32.46857354,14.47296969,2.98E-05,0.000544417
8.74E-06,2.51E-05,0.731749847,13.88669442,32.74618179,6.189110264,0.000227146,0.000202611
1.25E-05,1.49E-06,7.920025556,64.54594838,32.79443473,7.765421221,0.000303516,0
0.000125813,3.95E-05,0.769266485,8.052210051,32.91654201,3.707183876,0.000416634,0.000114131
0.000244456,2.58E-05,3.666062329,53.363093,33.03098951,15.55769319,0.00961326,8.30E-05
0,0,45.5377596,73.41936938,33.23504391,26.01395003,0.00018923,0
0,0.005230053,8.562048867,35.80963436,33.40049103,15.29773389,0.100412786,0
1.30E-08,0,2.396388018,24.74912659,33.41584681,2.960054292,0,0
1.30E-08,0,2.396388018,24.74912659,33.41584681,2.960054292,0,0
0.000156154,1.617261313,27.31779156,43.25586688,33.48915682,28.27988673,3.431710289,0.000360278
0.000174206,0.000292994,16.35649285,75.0188953,33.50336712,2.332457829,0,8.16E-06
0.000354384,0.000281602,3.42686439,38.18366352,33.53151804,8.282764468,4.92E-05,0.000271249
0.000875103,0.001253836,4.864061257,37.40983928,33.61453659,10.37812274,0.001465542,0.000403939
0.000134743,0.00033963,0.930413722,15.84903707,34.11023785,8.64479601,8.19E-05,0.001365709
0.000163716,0.000324326,0.686593239,19.19727747,34.27146313,4.250413329,0,1.30E-05
0.00016408,4.60E-05,2.7126983,68.43334603,34.30053318,3.131076962,0.000846439,0.000188465
0.000174766,0.003405479,6.477030644,20.32095396,34.34387575,22.74233221,0.296596184,0.000212699
0.000428274,0.000912353,3.112888941,29.00636938,34.45836257,8.332136749,0.000564893,9.26E-05
0.000266873,0,20.28702229,111.9835083,34.52242869,25.90567471,0.000323464,0.000227188
0.00045797,0.000587837,2.06979439,28.17618261,34.69126553,6.637930778,4.72E-05,0.00041567
1.90E-05,0.038864707,12.67975613,39.74065793,35.05318471,12.28789722,0.284689969,0.000238714
0.000359278,0.000474782,2.854290711,14.27035192,35.10404933,3.499924781,0.000242494,0.000783557
0.00056099,0.000965655,2.895155585,15.38971307,35.13652541,11.56196205,0.000755708,0.000341787
0.000354687,0.000154322,2.178646094,22.43019553,35.32589257,4.631248646,8.27E-05,0.000125436
0.000853194,0.001000786,1.114481293,16.1347971,35.63657754,14.75104314,0.000371053,0.000308624
0.000442992,0.119857867,11.35121582,26.69937641,36.29152237,21.22632707,1.167853452,0.000514929
0.000342053,6.67E-06,5.049484966,25.44939253,36.35620097,31.56306264,0.08017525,3.22E-05
0,2.10E-07,10.59193126,32.35749802,36.45499924,1.491035228,0,0
0,2.10E-07,10.59193126,32.35749802,36.45499924,1.491035228,0,0
0.000158739,0.000386148,0.820486817,20.85955213,36.54449038,8.29625635,0.000116999,0.000186165
0,1.18E-05,3.496212076,38.6894895,36.76760309,2.583710764,0.00079609,0.000786879
0.000243663,0.0002933,4.232655114,39.01609181,36.81415137,11.04730901,0.000410569,0.000521016
0,0.926947066,32.50651878,26.16162285,36.83456211,58.81525459,4.789203482,0.000100655
8.90E-05,0.00296122,6.128486867,25.46771003,36.9607165,15.27113911,0.060741583,0.000331399
8.90E-05,0.00296122,6.128486867,25.46771003,36.9607165,15.27113911,0.060741583,0.000331399
0.000115843,0.165044612,19.96919168,21.01346279,37.17081286,51.79454996,2.544540023,5.68E-06
0.000115843,0.165044612,19.96919168,21.01346279,37.17081286,51.79454996,2.544540023,5.68E-06
0.000951149,0.000558225,9.678995807,28.63494741,37.31044044,30.3483735,1.38E-05,0.000687424
0.001008829,0.000460577,0.926289006,59.11264467,37.72222648,21.21519897,2.15E-05,0.000541004
0.000664393,2.094257146,59.24066433,96.48066227,37.74331526,45.09954473,3.854329031,0.000507305
0.0006909,0.000732135,3.088927269,29.32928581,37.78714062,27.28294049,0.000178817,0.000589067
0.000219782,0.000629492,5.783788794,67.61636686,38.25060708,14.90147508,0.000454466,0.000612656
0.000343397,0.000446339,0.076011699,7.986966799,38.2691551,12.33170816,0.000183495,0.000136035
0.000128027,0.004191519,7.734171138,33.19232653,38.527539,16.4713174,0.093136893,0
0.001109568,0.00020893,10.04381476,35.60192297,38.54247845,9.447930275,0.000219185,0.000639427
0.000232086,0.000194444,23.68417426,83.4860077,38.77877434,16.23731623,0.000145818,2.04E-05
0.000232086,0.000194444,23.68417426,83.4860077,38.77877434,16.23731623,0.000145818,2.04E-05
0.000128428,3.87E-06,3.700510829,27.94367335,38.78151623,20.28735681,1.67E-07,7.63E-05
0.000240387,0.024671311,17.81706941,29.85050311,38.78221489,20.83843398,0.186896819,0.000321874
0,0.003748708,12.94936495,45.99407942,39.0984416,13.55471171,0.134448356,0
2.85E-06,0.000128984,15.91170226,60.36855046,39.22051126,1.925160788,0,0
0,1.18E-06,21.94782658,55.70658373,39.35418643,5.979507547,0.000266259,0.000484861
0.000129353,0.000117986,5.023064076,57.92288624,39.63480206,4.121050983,7.26E-06,9.59E-05
0,1.084631123,40.01900392,75.64755545,39.83473455,34.6217046,1.001239255,0.000106465
0.001517323,0.001180999,3.213092156,49.54713623,39.8413667,2.980717453,0.00045196,0.000827023
0.000717921,0.001104978,7.719648252,33.62299749,40.01258761,15.27317128,0.037460415,0.000457355
0.000152923,0.000426684,4.53549865,45.00121155,40.19769812,11.53045728,0.000425892,0.000422203
4.12E-05,4.66E-07,41.88750787,137.3405344,40.20132044,8.337622916,0.000713279,6.82E-08
0.001689855,0.000306218,3.530328977,50.81604157,40.22415285,9.560431273,0,0.00015575
0.000340487,7.24E-05,26.11529219,124.9711756,40.30201893,7.367847798,0.00017634,0.000283542
0.000340487,7.24E-05,26.11529219,124.9711756,40.30201893,7.367847798,0.00017634,0.000283542
0.000107477,0.00042538,3.543564797,71.02679049,40.40080496,25.39879297,0,0.00018053
8.56E-05,0.000134208,1.632058971,89.72268203,40.58966244,4.725906608,0.00013876,8.01E-05
0.00110559,0.000653803,1.866848907,78.20038977,40.89150047,1.750897507,0.000735448,0.000374263
0.000135999,0.000539923,4.907499522,31.25146999,41.34890225,5.476540662,0.000204083,5.09E-05
0.000528646,0.000436072,9.308393331,45.18085302,41.45599321,22.39538544,0.000388254,0.000187897
4.10E-05,0.837834049,28.97191876,55.82123094,41.4792376,45.85170351,2.701732277,9.89E-05
0.000276745,0.00010435,8.286426881,108.5932144,41.95687567,17.04981274,0,0
1.55E-05,6.81E-06,1.696797524,18.96303553,42.50593236,6.144793017,0.000428896,0.000833995
0.000184145,0.000197272,14.00302837,56.41287037,42.71159676,4.366097733,0.000638788,0.000791453
0.000184145,0.000197272,14.00302837,56.41287037,42.71159676,4.366097733,0.000638788,0.000791453
0.000129697,2.642495362,46.78456264,83.79670172,43.3000048,35.22793895,2.896206371,0.000101258
0.000576867,0.000606793,5.478884775,43.38025329,43.5249414,10.83628988,0.114381906,9.71E-05
6.28E-06,2.690322264,57.60691496,108.0803031,43.7820509,30.39567256,2.959208862,0.000119512
0.000621463,0.000571908,5.158899625,17.89981296,43.7931775,39.06577601,0,0
0.000621463,0.000571908,5.158899625,17.89981296,43.7931775,39.06577601,0,0
3.28E-05,2.997251553,35.35934521,36.3795534,43.92439883,17.82275222,2.919530786,0.000323129
0.000827604,0.368967291,9.688437747,46.67786368,43.9373341,42.23019109,5.350968757,0.000218845
0,0.532399872,46.51129545,63.62399948,43.96293707,40.08862728,2.103759703,0
0.000533424,0.000246151,6.093780734,24.08768175,44.03630703,22.61699489,0.000182591,0.00034955
0.000231867,1.974229975,38.56098938,88.06116925,44.28057433,14.47566572,0.751240447,0.000175097
0.000310227,0.000800164,3.555678762,33.20197203,44.45598242,10.5085017,0.001026993,0.000714135
3.96E-05,0.000348906,17.60614211,61.47986416,44.46567766,5.325458278,0,9.66E-05
0.000241103,0.000270207,5.411889449,42.04985717,44.47363858,35.32701193,0,0
4.43E-05,0.000142146,14.7729462,57.6158609,44.615326,13.96425725,0.10751329,0.000226153
0.000476928,0.000608694,2.951354233,23.39839998,44.90696182,17.74730406,1.02E-05,0.000648869
2.41E-05,1.102915932,40.1772334,100.0085129,44.91302825,43.46656639,1.462696443,0.000483421
9.86E-05,0.000927296,47.848004,86.11454706,44.9614583,8.002295932,0.001217574,0.00105754
0.000809148,0.000688081,2.620392869,59.38127867,45.33151977,3.010026434,0.000763293,0.000850834
0,0.003699568,27.44866761,36.28386415,45.3333554,21.68259255,0.119581485,0
9.93E-06,3.47E-05,0.631249663,64.6269837,45.36696362,8.918607161,0,0.000117554
0.000589288,2.007078104,23.44087014,64.59664848,45.45485945,42.77979615,7.818934587,0.00046299
0.00016608,0.211394022,14.05376483,32.79701409,45.58917057,26.12409328,1.969385011,0.001518736
0,1.84E-05,4.168653304,52.72612619,45.59425654,8.161836668,0.001210703,0.001271064
0.000239876,0.00024279,5.781262118,17.19662748,45.60171107,7.962587756,0.000390553,0.000678446
0.000279301,0.000387271,10.11398489,57.89705238,45.62908058,4.543920279,2.69E-05,4.08E-05
0,0.019865409,7.599485254,38.57107659,45.65747315,18.3330384,0.265560285,0.000878387
0.000337762,0.000795514,32.08196628,107.808208,45.76753223,24.37596287,0.196826321,1.04E-05
0.000553201,7.97E-05,20.52367018,123.1790859,46.24822003,5.057976777,8.15E-06,0.000627121
3.46E-05,6.03E-05,1.414665291,26.85061152,46.42741055,13.06062461,0,7.27E-05
3.46E-05,6.03E-05,1.414665291,26.85061152,46.42741055,13.06062461,0,7.27E-05
0.000850488,1.37860686,31.88545247,45.09354969,46.74032476,25.8002761,2.225945822,0.000962743
0.000255731,0.977073219,20.16421037,52.40179449,46.88000497,19.58630166,4.291479608,0.000318913
0.000219548,0.0001873,6.758337745,47.34475971,46.9191097,2.033491425,3.92E-05,0.000136274
4.00E-05,2.442113438,19.95961593,58.47619805,46.91985537,11.97215918,2.106368986,0.000317933
6.05E-05,0.8767847,30.01765413,50.29304656,46.99655974,15.08612241,0.326899105,6.17E-05
2.96E-05,0.00016617,4.46403803,63.90681935,47.15896115,3.163274735,0.000107932,7.28E-05
0,0,3.573597224,26.44000863,47.49939235,1.683413272,0,0
0,0,3.573597224,26.44000863,47.49939235,1.683413272,0,0
0.000422718,7.92E-05,8.631042833,45.56264729,47.89220624,3.033750058,0.000101225,0.000413846
0.000422718,7.92E-05,8.631042833,45.56264729,47.89220624,3.033750058,0.000101225,0.000413846
0.000146809,0.309482922,30.20156697,69.52440319,47.9558046,36.09298187,2.618906743,0.000394948
9.43E-05,1.540405113,17.39526602,29.49030245,48.37399342,27.07410047,3.409719741,0.000206914
2.30E-05,8.54E-06,8.542113607,40.30691114,48.52789027,25.08741587,0.040409615,0.000347688
7.31E-05,1.13E-05,1.934645829,105.759447,48.52966344,3.379240085,0.000708877,0.000709203
0,0.000786421,4.6365801,39.08179703,48.57453454,13.23869562,0.000887278,0.00080973
0,0.00054519,3.578134552,27.25740182,48.70731567,8.252483262,0.001507333,0.000510771
0,0.00054519,3.578134552,27.25740182,48.70731567,8.252483262,0.001507333,0.000510771
0.000227296,0.011130275,13.01249487,86.19754145,48.76590601,35.6849701,1.439921149,0.000265167
0.000608742,0.000398721,24.03469005,96.11138258,48.83412075,50.12567914,0.063697983,0.000899177
0.000646948,0.020317589,11.23872638,32.81254095,49.88860516,47.99336503,1.036652158,0.000188345
0,0.001589286,5.877237465,38.36148411,49.95914347,11.41453657,0.095419616,0
0,0.000579455,4.446697265,47.18382546,50.19584257,21.557807,0.000451967,0
8.13E-05,0.000371735,8.02555123,51.37690139,50.6254514,19.68848313,0.00013516,0.00053607
0,0.00587818,14.99382949,48.14251357,50.70394544,15.48942008,0.290474143,0.000742973
0.000196828,0.000374397,10.72171841,66.56453315,50.74402978,17.93325378,0.005250224,0.000523083
0,0,29.74631442,103.0379762,50.77086816,9.604744978,9.06E-05,5.61E-05
0.000263913,2.806214645,42.62076106,84.46027764,50.82155183,27.37830571,2.609747566,0.000473224
0.000674634,0.084276721,26.52833349,70.5817304,51.35701393,12.67469087,0.745858598,8.40E-05
0.000119794,0.000674347,0.917095654,21.99171873,51.48307995,5.649406219,0.000123968,0.000251885
0.000982462,0.001535107,5.538895994,24.38859206,51.5035084,40.02943794,0.00078365,0
0.000105058,0.000585426,4.712688424,44.93791862,52.07503604,1.652745096,0.000348902,0.000377578
0.000113759,1.590156976,20.59235301,33.39697529,52.26039553,9.957187095,1.164821362,4.50E-05
0.00064138,0.000691955,3.345856681,26.65811246,52.33493671,39.91422188,0.000346681,0.000757728
4.49E-05,0.002511877,6.386174215,29.16546264,52.5435337,20.80454459,0.410855889,9.09E-05
0.003203946,0.236867302,44.86651027,91.64524727,52.62509582,24.21149322,0.743395814,0.000735476
0.00087961,0.001042243,13.41859239,116.2485945,52.73891641,15.05302115,0,0
0.000221703,0,2.555642448,33.82231051,52.78224178,12.17763823,0.000124836,0.000100147
0.000200563,0.969499131,42.43434441,97.93965988,53.13819949,27.46136674,0.428258197,4.71E-05
8.99E-05,0,0.749646496,15.94641051,53.23000102,12.15300923,0.000136763,0.000303726
9.81E-05,0.141553548,17.48040749,30.39999907,53.52848014,16.19587027,0.15024877,0.000714715
9.14E-05,0.899921216,17.46023296,58.03937948,53.54678661,12.63602145,1.118382375,1.49E-05
0.000706903,0.000495835,18.42469938,116.6549206,53.57996762,2.684093694,0.000238629,9.74E-05
0.000135237,1.006121445,58.3723969,106.9749568,53.77543413,37.08415986,1.807763255,9.07E-06
0.000280901,0.000715234,0.6647566,25.1987973,53.7929329,13.27758853,3.81E-07,0.000734291
0.001155207,0.000782508,14.99941743,99.27150109,53.97747572,17.66739607,1.13E-05,0.000333018
0.000946198,0.001037652,9.121985289,25.24069701,53.99858602,33.78986376,0.0848058,0.000101361
2.29E-05,2.68E-05,9.2412062,61.30009019,54.38864472,28.34577724,0.069416277,0.000453407
2.71E-05,0.170297424,7.524873378,39.71951602,54.57201793,16.99893016,0.559289084,2.07E-05
0.000963517,0.000535591,12.7822333,79.87174985,54.8268441,8.546971722,0.000225005,0.000317397
9.51E-06,0.000816274,10.63123269,35.40781338,54.88622202,14.82717684,0.007547545,9.79E-05
9.51E-06,0.000816274,10.63123269,35.40781338,54.88622202,14.82717684,0.007547545,9.79E-05
0.001047676,0.567152943,12.50081758,26.83494898,54.92100837,18.98676944,0.886030453,0.000497376
0,0.012715478,11.02503601,43.96444765,55.08733389,17.35107482,0.002187603,0
0.000365521,0.000354867,16.70025452,64.67887934,55.25949012,7.720491006,0.360169733,0.000381281
0.000195236,0.000361,5.178611379,34.58386906,55.27852193,19.23422353,0.000117503,0.000318239
3.96E-05,1.20E-06,9.383960424,60.47858929,55.62000263,12.14219948,0.008620416,0.000297634
8.37E-05,0.766167095,16.19690371,35.09522278,55.62785562,27.90055183,1.645195877,0.001591091
0.000576225,0.000760783,12.41680994,60.19084464,55.68629036,15.16250065,0.104652039,0
0.00010015,0.000458097,5.099485093,33.72415674,55.69534163,18.69662076,0.00707951,0.001269584
0.001035049,0.00109105,1.931100971,57.82610038,55.79317853,5.286345169,0.000647023,0.000592986
0.000146282,0.000543376,8.1907621,85.3189357,55.86270406,36.55296724,0.005675707,2.23E-05
0.000166753,1.45E-05,5.229722866,39.67638984,55.93317187,10.23080015,2.46E-07,0.000210805
0.000166753,1.45E-05,5.229722866,39.67638984,55.93317187,10.23080015,2.46E-07,0.000210805
0,1.982816826,51.30433807,105.1449645,56.14542723,46.99213291,4.429087374,0
0.000389582,1.847755991,24.55727551,83.7356769,56.35820029,36.5070838,1.660191215,0.000604152
0,6.13E-06,0.983670247,57.74649678,56.67121379,8.109378506,0.000533076,0.000129621
3.72E-07,2.149925538,64.53182633,83.28368063,56.87930678,44.98338549,4.929782412,0.000138742
7.48E-05,2.077038234,12.66015978,42.55257243,57.29557536,46.41584326,6.065031961,0.000315449
0.000236063,0.000430259,14.57710283,64.0466932,57.66078112,34.67609651,0.279440677,8.02E-05
0.000382345,0.000640218,8.836287903,33.48960375,57.83467751,23.61220094,0.433980735,8.54E-05
0.003909326,2.36632632,53.61676841,109.4606324,57.8453462,24.63994121,3.732129559,0.000100638
0.00022218,0.000711633,3.531153969,64.17835429,57.90165539,6.698776764,0.00026165,0.000423973
0,1.263361635,51.38419974,90.27834413,57.96261673,61.34724837,1.612403514,0.000177683
6.00E-06,8.91E-05,1.627412558,18.98577072,58.12566185,3.024895932,0.000196603,0.000225233
8.94E-05,0.779097156,25.87857041,75.04332653,58.24471754,73.6590736,2.256607827,0.000132322
0.001321777,0.001335114,16.03416424,52.50027477,58.43886144,14.83735166,0.001406738,0.00153998
1.41E-05,0.032788822,20.9483224,75.58210929,58.60690544,19.74803033,0.232247975,4.51E-06
1.41E-05,0.032788822,20.9483224,75.58210929,58.60690544,19.74803033,0.232247975,4.51E-06
0.000240914,1.161269898,26.86460155,37.97232011,58.86883533,44.05914841,5.626838196,0.000268167
0.000249862,1.912484255,24.06083427,76.7694736,59.37362843,33.64369609,3.398138746,0.000322603
0.000258677,0.000377975,18.91126308,116.969389,59.51489321,26.49437148,0.022548611,0.00050476
1.13E-05,2.351907876,34.74048542,100.5110005,59.54561018,28.43040424,4.116870269,5.73E-05
0.000145193,0.603704558,18.61044055,46.74115475,59.65644832,51.93003339,4.430042754,0.00274098
0.000326855,2.73E-05,6.816323317,35.43418704,60.23911755,9.767324335,0.000330131,0.000122336
0.000326855,2.73E-05,6.816323317,35.43418704,60.23911755,9.767324335,0.000330131,0.000122336
0.00086214,1.051569087,18.76813947,52.0536544,60.79111055,51.7293638,4.74474909,0
0.000291298,0.461184047,10.38019004,36.13784895,60.89604203,50.76997278,3.25072982,8.75E-05
0.000579468,0.000209984,3.704930552,21.2896182,60.92436947,16.39724355,4.45E-05,0.000229009
0.0001945,1.277341714,19.92342495,49.02121895,60.96729962,42.38073128,3.392233796,0.000466197
0.00011843,0.000782447,14.28674511,59.37969754,61.0626524,56.49493213,0.301124745,4.55E-05
0.000940468,0.000613992,2.151744815,45.20270522,61.06348337,8.282631718,0.000362034,0.000138552
0,0.000434049,2.915620521,35.75061667,61.55587287,6.880378062,6.24E-05,0.00046725
0.000282025,1.057917718,28.11726476,53.93374202,61.55592852,32.5476867,1.751918468,0.000340492
0.00040382,0.000482398,4.785371634,43.26585751,61.74170607,23.33186473,2.33E-05,4.47E-05
0.000651587,0.000696574,9.81999042,46.92133485,61.85715981,19.24951742,7.37E-05,0.000317495
1.32E-05,0.03031374,20.27349661,65.68383277,62.19280954,19.73481497,0.202685489,0
0.000636903,0.001152782,10.59935228,40.15093982,62.45012777,36.00095402,0.460999349,0.000264049
0.000342882,0.000501372,12.37025116,13.42995795,62.46674137,11.36728045,8.33E-05,0.000112201
0.000731575,0.659958434,32.02828439,66.32022071,62.50510346,21.10766273,1.04148437,0.000156488
0.000253067,1.72106584,28.04339913,64.33637405,62.54201176,61.26897857,3.970449639,1.90E-05
5.48E-06,2.533136265,43.21691768,96.48948778,62.56330164,37.89825015,6.302101554,0
2.89E-05,0.0441347,28.2048434,85.31824545,62.56591644,15.18158353,0.111102003,0.000227744
2.89E-05,0.0441347,28.2048434,85.31824545,62.56591644,15.18158353,0.111102003,0.000227744
1.47E-05,3.68E-05,15.61596379,38.0434092,62.85835256,11.02357142,0.000345986,0.0005606
0.000605365,0.439927986,30.1919912,53.93326019,63.434492,29.4153791,2.005479841,0.00020576
1.50E-05,0,2.161423695,23.34964092,63.43694778,2.284890809,0,0
1.50E-05,0,2.161423695,23.34964092,63.43694778,2.284890809,0,0
0.000415068,0.000621669,11.10087889,66.53499159,63.56284186,16.26970275,3.09E-05,0.000246276
0,2.965308477,41.52114139,74.48975952,63.6332722,39.11905189,3.28044119,0
0.000176436,0.000663801,4.211066209,48.63943017,63.84219781,11.46386155,0.000601749,0.000275898
0.000176436,0.000663801,4.211066209,48.63943017,63.84219781,11.46386155,0.000601749,0.000275898
3.48E-05,1.089690568,20.48067079,36.35106532,63.91671392,51.96558362,4.081661572,7.69E-05
0,0.01936722,13.84982705,46.89126936,64.07705616,19.07994246,0.04444209,0
0.000190564,4.99E-05,12.13367919,83.84086673,64.63121624,26.37319922,0.001215045,0.000279217
0.000583801,0.00080532,5.933053217,44.36102926,64.68216092,52.65090457,1.17E-05,1.22E-05
0.000663778,0.000514854,1.220681128,12.28781149,64.95881962,5.115778554,0.000265161,0.000101633
0,1.80E-07,9.677470053,67.05025374,65.10125819,6.071045194,0.000501385,0.000613451
0.000109337,0.000679198,15.28669387,82.57212277,65.38741858,2.559448409,0.000407287,0.000772532
0,0,37.7049404,75.81972451,65.54283458,5.739262585,3.04E-05,4.02E-05
0.000382731,2.42E-05,8.001612493,44.32083054,65.59845856,2.8482632,0,1.24E-05
0,0.004951673,14.90015049,111.5327421,65.84174007,45.93926976,0.022222718,0
9.96E-05,0.000167527,3.754191067,51.14572696,66.55005514,13.0529647,0.000446788,0.000276136
4.51E-06,1.419846391,63.67141209,140.9229451,66.74460357,44.47711677,2.098942512,0.000286629
5.47E-05,2.317132662,46.69915225,82.25711542,66.79718119,42.55588956,5.728567359,8.91E-05
0.000591882,0.000570087,1.575132509,21.67663275,67.06719207,6.780459491,1.89E-06,0.001026989
0.000359582,0.001116778,3.106413134,33.58985492,67.13719738,23.98441591,4.98E-05,5.15E-06
0.000313841,0.001623234,18.78612235,55.77799092,67.22855802,37.52912287,0.396534324,0.000613645
0.000313841,0.001623234,18.78612235,55.77799092,67.22855802,37.52912287,0.396534324,0.000613645
0.000155793,0.021910573,21.22378097,129.9367418,67.40905928,28.10552943,0.166537496,1.91E-05
0.000155793,0.021910573,21.22378097,129.9367418,67.40905928,28.10552943,0.166537496,1.91E-05
2.86E-05,5.86E-06,2.504533171,27.76014938,67.7810028,3.38971244,7.10E-05,0.000205219
2.86E-05,5.86E-06,2.504533171,27.76014938,67.7810028,3.38971244,7.10E-05,0.000205219
0.00233984,0.000312965,1.922531977,37.64252347,67.82301117,3.374568803,0.000118694,0.000202015
1.39E-06,0.541970105,41.36321923,86.22441107,68.31977436,18.22682572,1.000380537,3.49E-05
2.03E-06,3.367916196,27.79347496,56.22308582,68.70843925,50.60421621,3.980587227,6.02E-05
0.000341307,2.339736778,51.36691489,118.4695678,68.89022641,40.0509183,1.631855419,0.000150455
6.56E-05,0.420637313,12.89251366,56.38553563,69.11130481,28.92632415,1.587366231,0.000162475
0.000320129,1.88E-05,4.310101187,56.61478965,69.23342243,16.31680173,2.12E-06,2.94E-05
0.001367435,0.071585936,31.75916652,96.80036598,69.31874957,10.93285139,0.209240236,0.001944494
0.001367435,0.071585936,31.75916652,96.80036598,69.31874957,10.93285139,0.209240236,0.001944494
0.000445382,0.000299027,5.996635611,55.14454819,69.58567106,24.68867832,0.026087216,0.00044359
0.000909549,0.601184642,19.25788257,41.43662855,69.84488134,48.81043728,6.351065642,0.000805511
0.000388045,0.93929447,28.63095463,60.73274627,69.85227772,41.75139022,3.824094761,0
0.000180581,0.000220604,3.065220373,88.51179867,69.87077695,7.349409259,0.000318973,0.000429874
0,0.65593442,36.67477438,80.64271201,70.02955992,38.88933535,2.574836736,0
2.82E-05,3.80E-06,13.71230899,64.84108981,70.03818406,18.97237617,0.073224315,8.00E-05
5.97E-05,0.092538479,6.428930396,33.92503508,70.48153541,28.24784235,1.014916699,3.13E-05
0.001180117,0.00102179,23.285837,85.19897579,70.48774228,26.22457018,0.016103756,7.64E-06
0.000258595,0.000161809,4.098712879,92.49877119,70.7119095,1.636759709,0.000112342,0.00026975
0.000363526,3.268159704,50.61869978,127.7710436,70.75673313,75.24765523,4.687356889,0
3.50E-05,0.000108912,4.244847468,33.49922804,70.97537898,33.77862993,0.000124785,7.46E-05
0.000500326,0.643943696,24.47911541,70.52165104,71.42298539,66.4792598,3.669089615,0.00039207
0,8.59E-05,6.039750914,70.95501693,71.44826792,47.74733889,2.41E-06,0
2.33E-05,0.000389053,28.70301622,131.91526,71.48910005,26.51373899,0.432330187,0.000429686
0,0.002345314,13.63476502,59.68329402,71.50076957,11.06592387,0.022656554,0
1.64E-05,0.00011291,13.77076851,86.5207692,71.84506595,22.67464488,0.247846855,0.000265582
5.70E-06,4.090442167,46.09067808,116.0073587,71.89572956,33.11837645,5.543290135,0.000288385
0.000501833,0.000818462,3.303524092,17.9305492,72.27993907,11.70785074,0.0009474,0.000344179
0,0.002669812,15.28908153,55.77467637,72.56440949,25.64436138,0.114534872,0
0.00039864,0.000949048,8.290149929,41.14960361,72.78011307,24.25263927,0.000250362,0.000128502
2.98E-06,0.015037782,13.00779561,46.1860724,72.91675376,27.64559021,0.237625499,0.001576465
0.000245254,0.713513365,11.4585139,42.9610829,72.95254592,24.87811771,4.653746521,1.15E-05
0,0.00944081,15.6670151,64.8191981,72.96588749,21.19367742,0.054682499,0
8.45E-05,0.000272767,27.20846227,110.2068912,73.37141862,36.12468289,0.135877082,0.000216947
3.25E-05,0.653158981,33.79050567,86.06240596,73.46739912,45.09907786,2.861560076,0.000122797
0,0,19.31037827,75.65879008,73.68354187,20.00150878,0,0.000135608
0,0,19.31037827,75.65879008,73.68354187,20.00150878,0,0.000135608
0.000183216,0.014389943,12.41935881,36.70585251,73.76887105,54.92938049,0.321281046,0.000337348
0.000183216,0.014389943,12.41935881,36.70585251,73.76887105,54.92938049,0.321281046,0.000337348
0.000948911,0.000607372,12.55664179,86.27151433,73.78974652,13.57266331,0,0.000241762
0.000172878,0.000262112,16.27148856,109.9316055,73.90627961,7.040895906,9.42E-05,0.000607635
0.000585211,0.000480245,5.969019095,34.45078307,74.2047988,12.53499768,3.42E-05,0
0.000499518,2.113124318,35.92877497,69.20196373,74.43628298,41.83470875,5.240936776,3.77E-05
0.000144342,0.000864922,7.056774627,24.553927,74.5995147,40.53466589,0,0
0.000144342,0.000864922,7.056774627,24.553927,74.5995147,40.53466589,0,0
0.000222256,0.000223804,2.76304489,47.65936256,74.63426267,13.81823562,0.000109559,0.000322305
0.00048095,0.000934868,11.8904408,57.67812797,74.90418608,20.07682421,0.044246766,0.00068655
0.000490134,1.657111124,25.22960583,69.02666522,75.36956004,60.74305636,3.856738935,8.71E-06
0.000999373,0.000224403,2.420111176,80.37073929,75.55577036,15.53654175,9.55E-05,0.000239444
0,0,20.12728915,78.55178159,75.72034842,18.47187361,0,0
0,0,20.12728915,78.55178159,75.72034842,18.47187361,0,0
6.37E-05,9.81E-05,1.942205367,29.70511068,75.98553425,21.29251483,5.38E-05,5.11E-06
0.00054426,0.296909493,15.35794315,60.54477772,76.00867373,24.1766146,2.368470785,0.00024098
0.000612822,0.000921955,6.236791109,22.76221149,76.27073584,6.370551722,4.44E-05,0.000141
3.66E-06,0,23.07695095,128.2391656,76.36290711,19.59494225,0.000248424,0.00035637
2.44E-05,0.000359472,3.09583664,37.50409483,76.4168575,3.209494704,0.000323376,7.54E-05
0.00048438,2.706760888,45.11190894,66.91430785,76.9071942,35.11297443,2.468886269,1.23E-05
4.61E-07,0.000108946,4.300352346,37.24974342,77.09415656,4.331221901,0.000131835,6.82E-06
0.000574137,0.000697959,6.214052922,63.06271221,77.15179141,60.48234524,0.050521861,3.85E-05
0.000407796,0.847359861,20.41409424,56.14783881,77.16990083,40.96187494,3.405184399,0.000292604
0.000819561,0.00088076,24.54559353,76.34762759,77.24357488,25.73140551,0.245801873,7.49E-05
6.51E-06,0,5.437943653,81.86029274,77.41606763,5.811816631,0.002160246,0.003457559
6.53E-05,1.861270525,52.56187544,135.9921068,77.69896241,60.67928576,2.754599144,6.07E-05
0,0.14722842,39.72907011,115.164551,77.72109671,42.07538553,0.910197946,0
3.44E-06,0.359001894,11.34054426,42.60881193,77.77829085,34.00406012,2.506930736,0.000248611
0.000562774,0.000770291,14.82884624,40.95827953,78.23515639,16.64562177,0.000570375,0.000816949
0.000597748,0.000718658,3.557503179,28.31067061,78.5712277,15.72643501,7.95E-05,0
0.000693569,0.000779706,10.23264908,46.91229178,78.87108887,30.45939249,0.263971467,0.001281213
4.98E-05,1.80E-05,2.757771921,32.24113836,79.25163252,23.04083654,0,0
0,0,15.68986529,82.89838901,79.42722855,9.840540425,9.41E-05,0
9.22E-05,2.175985044,30.80388417,34.69754907,79.44902788,14.50216322,3.814278442,4.17E-05
4.07E-05,0.158023594,20.79174395,55.66937994,80.41593391,51.04908373,1.477772248,9.63E-05
9.81E-06,0.000204215,0.573659276,42.71631763,80.63034318,0.861143866,5.36E-05,0.00021313
5.49E-05,1.23E-05,22.81310931,83.03985212,80.6869564,21.60801901,0,0
5.49E-05,1.23E-05,22.81310931,83.03985212,80.6869564,21.60801901,0,0
0.000594764,0.00073943,13.14186746,62.72139275,81.026222,30.57318389,0.352829556,0.000350758
0,0.003102398,13.50828755,85.56661159,81.09459021,25.11522306,0.02166713,0
2.53E-05,2.976952923,57.56738348,87.38501954,81.34698972,22.44540116,4.7903394,0.000111023
0,0,22.61661035,77.25058579,81.52544659,8.291724578,2.03E-05,0.00012002
0,0,22.61661035,77.25058579,81.52544659,8.291724578,2.03E-05,0.00012002
0.001262709,0.000375226,12.18465631,107.1812138,81.55177389,12.01685972,0.00021783,0.000292697
0.000249354,0.000416157,8.0741146,67.7061505,81.8405498,26.96331345,0,0
0.000249354,0.000416157,8.0741146,67.7061505,81.8405498,26.96331345,0,0
0,0.000155914,4.158889897,39.57557482,82.31827371,3.209163859,0.001518423,0.000688393
0.000417034,0.000353847,9.299509584,45.26925725,82.52976912,44.65493745,0.000201008,0.000159542
1.01E-05,0.586477196,49.89432586,104.4145504,82.9073329,52.88607486,3.791389649,1.33E-05
1.01E-05,0.586477196,49.89432586,104.4145504,82.9073329,52.88607486,3.791389649,1.33E-05
0.000485855,0.000373155,14.28828953,65.97563946,82.95418426,39.62462816,0.187010832,0.000184397
0.000815776,0.000900923,7.034152686,65.58645319,83.04519078,6.546350205,0.000943768,0.001226697
9.58E-05,0.000177526,19.10454912,107.0579223,83.06991252,5.119926269,1.39E-06,0.000352679
0.00072685,0.000649384,6.657608879,53.6167171,83.2329839,48.94309928,0.019748718,0.000150011
0,0.000133891,6.803220913,52.72865862,83.35065057,10.41230792,0.000509876,0.000121103
0.000600653,0.899070621,22.45584144,75.58724553,83.62312411,55.80909101,5.418952661,1.30E-05
0.000143869,0.000300793,25.96142845,52.58160103,83.82955611,32.03235021,0.000113449,0.000262119
0.000187352,0.013906033,41.99287536,52.82149735,83.93253031,50.38727662,0.133009784,1.65E-05
0.000187352,0.013906033,41.99287536,52.82149735,83.93253031,50.38727662,0.133009784,1.65E-05
0.000617434,0.538665376,36.67191867,63.7553829,83.96401354,33.57180763,3.454591757,0
0.000437417,0.001271423,2.934676064,82.15062179,84.22482751,4.743779328,0.000232314,7.36E-05
0.000209195,0.000299307,29.05455796,42.74307539,84.25765292,61.89029472,0.2405141,0.00058182
0.000574901,0.00013254,8.2904338,123.5550929,84.3735447,7.158650475,0.000115233,0.000143678
0.000574901,0.00013254,8.2904338,123.5550929,84.3735447,7.158650475,0.000115233,0.000143678
8.45E-05,3.679725512,47.72741536,68.30492491,84.39400505,44.96216799,5.42698671,0
0.000124408,1.18733699,38.58820812,81.70956743,84.3980782,46.06437728,4.849158664,0.000251123
0.006792927,0.037391567,32.94698521,92.066205,84.69866187,14.06267658,0.024126932,5.13E-06
0.006792927,0.037391567,32.94698521,92.066205,84.69866187,14.06267658,0.024126932,5.13E-06
0.000598141,0.000526968,4.754408649,40.99603288,85.73233004,59.61929842,0.025810689,4.32E-05
0.000584034,0.000606363,1.677951711,15.56411171,85.86527208,27.07566718,0.000236173,0.000323568
0.000796594,0.08987364,13.14673542,46.73659848,85.99153483,64.7066055,2.391851759,0.000132362
0.001079605,0.000968014,4.549981001,32.53939455,86.07257634,4.202036709,0.000696192,0.000744729
0.000798053,0.000799454,5.97676818,77.83833934,86.10700647,49.1613511,9.14E-05,4.70E-05
0.000540649,2.116545928,43.30498319,115.8755327,86.80068889,40.42766574,1.952785055,0.000216167
0.004066621,0.033042821,23.0063322,81.67450585,86.93616714,33.51398589,0.227275567,5.86E-05
0.004066621,0.033042821,23.0063322,81.67450585,86.93616714,33.51398589,0.227275567,5.86E-05
1.62E-05,1.193469628,50.26268568,124.8620407,86.97971473,33.92487458,2.66126481,5.52E-06
9.80E-06,0.04363181,42.5362247,73.65023291,87.02900693,31.89817235,0.165699888,0.000167636
0.000490978,1.243053855,16.49861911,88.70636883,87.33195298,54.58320662,3.993497246,1.50E-06
0.000222443,2.705593195,20.18659409,117.5564171,87.60030996,53.92430972,4.524571049,0.000320396
0.000106042,0.923278569,17.25291408,62.90639317,87.7029266,75.75027347,5.197616349,0
0.000113345,1.61140363,44.15547328,59.61885182,87.80059782,68.60094057,3.003486364,0.000115009
0.000607597,0.000503065,7.555856185,63.61584981,88.01880415,13.54982651,0,0
0.000368418,0.000926546,2.948901052,74.81362199,89.05038348,4.377842438,0.000359185,0.000573974
4.42E-05,0.012442404,22.62564397,111.3635229,89.06566295,30.10308026,0.288368566,2.61E-05
0,0,3.732126721,47.26802119,89.29636171,18.22907358,0,0
0,0,3.732126721,47.26802119,89.29636171,18.22907358,0,0
0.000340301,2.168992341,44.30915614,89.19757549,89.3184092,74.19296508,5.117094747,0.00013191
0.000593652,0.000939806,3.650447766,22.14779274,89.64730227,18.32448491,7.30E-05,0.000184469
1.32E-05,1.656157705,42.67479848,122.115425,90.14183047,68.65875867,3.966545927,1.56E-05
4.07E-05,0.000372858,4.721466021,62.69314143,90.35520254,21.80555648,0.000231735,0.000354144
0,0.097777534,27.78892764,79.5732872,90.35977683,40.15941078,0.194823053,0.000350566
0.001372612,0.000207118,13.21226515,76.83785829,90.4785768,12.42351291,0.00894372,0.000499119
0.000292658,0.000451665,3.5901917,31.8728563,90.48829885,10.78026626,0.00044939,0.000468588
0.00062438,0.570292841,36.242519,89.31885249,90.55467601,58.78419191,2.144470698,4.48E-05
0.000492229,0.221842016,7.131136561,40.91675399,90.60063283,50.99586566,1.761861324,0.000998097
0.000265878,1.516160164,21.06883452,81.89394184,91.10020592,19.44075365,5.055890493,0.000319281
3.72E-06,0.228489933,38.65969812,106.5757558,92.00033625,19.8841633,0.428263906,0.000196368
6.58E-05,1.085880208,17.02773166,58.04533146,92.49823373,76.64786969,4.695163831,0.000126217
0.000133451,0.783804398,44.63370588,87.84530117,92.50989197,24.92657843,1.675218395,6.80E-05
0,3.32E-05,21.12213181,101.8633267,92.65133249,42.53634933,0.000621713,0.000304323
0,0.380173206,21.28368685,91.34031782,92.99078912,58.2245131,1.941595892,6.16E-06
0.000323706,3.009495683,45.8665311,85.48373231,93.14761106,73.15434856,4.458358174,4.72E-06
0,8.83E-05,21.77060756,110.1823621,93.2605059,8.122502408,1.30E-06,0
1.52E-05,2.820825967,52.11469072,83.00813805,93.6698879,47.86747091,3.075624776,3.15E-05
0.000234481,0.669662428,10.37644028,41.66557584,93.85388268,39.21423963,3.893881021,0.000184937
0.000341101,0.000729601,14.27066089,44.4673567,93.90936728,34.78204375,0.59374162,0.000141766
0.001763081,0.000607308,19.87690243,116.6978082,93.9538337,16.12359859,0.001417907,0.001207887
0.000316615,2.926941038,52.70231752,100.1171423,94.00450535,71.63652494,5.754326101,4.67E-06
0.00067605,0.001085899,10.00808357,51.57468218,94.12908494,29.69568235,0,0.000186354
0.000735398,0.000883659,1.61766782,28.06472115,94.19757961,40.92655825,0,2.64E-06
0.000245663,1.900250962,33.47057405,75.5185227,94.2577134,45.26417865,4.864715225,0.000136787
0,0.023095614,44.43718321,108.0958331,94.26560143,31.5400999,0.073962152,0
0.000160431,0.142483984,42.89373724,57.25981431,94.40292318,49.34797829,1.98195567,2.00E-05
6.73E-05,0.622681148,45.73630581,40.7340222,94.52495798,72.50756313,2.54051838,1.61E-05
2.31E-06,0.000195301,29.25711033,124.8739681,94.64011165,15.50768483,7.78E-07,0
2.31E-06,0.000195301,29.25711033,124.8739681,94.64011165,15.50768483,7.78E-07,0
0.002130636,0.000131714,5.345417734,48.52552583,94.96189367,28.18547564,0.007150549,9.00E-05
0.002130636,0.000131714,5.345417734,48.52552583,94.96189367,28.18547564,0.007150549,9.00E-05
0.000351777,0.000105153,20.68874789,120.0558737,95.09632934,39.33801723,0.000655798,1.83E-05
0.000307071,0.227528594,7.140122988,27.3038465,95.46262992,51.27855785,1.644713769,2.12E-05
0,1.029096868,51.84109399,96.79306974,95.48505981,64.93797375,3.781548678,0
9.26E-05,1.484529596,34.03135735,68.19230512,95.56367107,67.84911813,3.804225134,0
9.72E-05,0.370018092,12.81733393,88.07345834,95.69269712,18.23503215,0.432150903,0.000673512
1.05E-05,0.02761436,26.52215611,94.11190005,95.83063219,24.94371361,0.707443915,0.000412084
0.00090861,0.00026054,13.31196659,70.11322076,96.01379851,25.26844902,0.000371298,0.000462492
8.88E-05,7.12E-07,2.455068395,67.45733937,96.02144451,7.098737175,5.41E-06,0
3.19E-06,0,2.906296137,33.80170726,96.56816498,19.05867186,0,0
3.19E-06,0,2.906296137,33.80170726,96.56816498,19.05867186,0,0
0.00011458,0.104617775,15.13150764,45.94489316,96.59290796,55.51665443,0.230669831,5.47E-05
0,4.71E-05,41.56167107,111.194945,96.62583539,24.70197607,0.001784419,0
5.26E-06,0,5.194441372,24.61388451,97.26806102,43.58530997,0,0
9.77E-06,0.000326736,12.9614025,50.441825,97.29603266,47.0436987,0.320673101,2.23E-05
0.000156719,0,4.074449941,100.5468104,97.37386998,18.45408091,2.20E-05,0.000227309
2.43E-07,0.899486735,20.63090503,77.26722881,97.53590986,42.83919728,5.293482841,1.11E-05
0.000284022,1.39E-05,14.9342215,167.0071412,97.62530579,21.43242959,0.000155299,0.000233739
0.000284022,1.39E-05,14.9342215,167.0071412,97.62530579,21.43242959,0.000155299,0.000233739
0.000576215,0.000619509,1.143210369,52.63595196,97.7861251,17.36479841,0,9.82E-05
2.46E-05,4.73E-05,23.80943994,122.9742105,97.85500143,43.45417346,0.037153278,0.000113752
0.000514198,2.764705113,38.35002041,107.6354041,97.92415015,48.38429944,4.604662965,0.000648372
6.20E-06,9.49E-06,4.263301587,64.55506513,97.98305226,42.11909696,0.036576706,0.000542353
0,3.447453935,37.70085875,77.7589138,98.37150679,59.10939701,3.233190703,8.39E-05
0.000144745,0.012609197,18.5948165,78.40119888,98.41802083,44.49272469,0.093783603,4.52E-05
3.25E-05,0.322343206,36.59903667,88.06169295,98.85240151,54.76301208,1.684747236,6.25E-05
0,1.717925349,61.28104327,128.5028209,99.37498108,48.82536077,6.097726217,0
0.001008805,0.001251549,10.1443501,84.74513222,99.54344418,14.96494367,1.94E-06,0
0.000151632,0.335106046,31.60665292,71.85909515,100.07696,56.89339118,2.436552622,3.81E-05
0.000681095,0.049117939,22.39824423,90.37280356,100.3330958,78.12188337,1.208929089,0
0.000128384,5.25E-06,22.25561801,103.190415,100.5030616,20.06017045,0.000309008,0.000244739
0.000128384,5.25E-06,22.25561801,103.190415,100.5030616,20.06017045,0.000309008,0.000244739